{"cameraMode":{"drawMode":0,"name":"Shaded","section":"Shading Mode"},"sceneLighting":true,"audioPlay":false,"sceneViewState":{"m_AlwaysRefresh":false,"showFog":true,"showSkybox":true,"showFlares":true,"showImageEffects":true,"showParticleSystems":true,"showVisualEffectGraphs":true,"m_FxEnabled":true},"in2DMode":false,"pivot":{"x":0.030290141701698304,"y":0.775958776473999,"z":0.10726898908615112},"rotation":{"x":0.010191887617111206,"y":-0.9267470836639404,"z":0.37479501962661745,"w":0.02531110867857933},"size":0.6547902822494507,"orthographic":false}