{"cameraMode":{"drawMode":0,"name":"Shaded","section":"Shading Mode"},"sceneLighting":true,"audioPlay":false,"sceneViewState":{"m_AlwaysRefresh":false,"showFog":true,"showSkybox":true,"showFlares":true,"showImageEffects":true,"showParticleSystems":true,"showVisualEffectGraphs":true,"m_FxEnabled":true},"in2DMode":false,"pivot":{"x":0.4045257568359375,"y":0.49064338207244875,"z":0.03694462776184082},"rotation":{"x":0.0499095655977726,"y":0.950092613697052,"z":-0.217762291431427,"w":0.2177538126707077},"size":2.1073949337005617,"orthographic":false}