{"cameraMode":{"drawMode":0,"name":"Shaded","section":"Shading Mode"},"sceneLighting":false,"audioPlay":false,"sceneViewState":{"m_AlwaysRefresh":false,"showFog":true,"showSkybox":false,"showFlares":true,"showImageEffects":true,"showParticleSystems":true,"showVisualEffectGraphs":true,"m_FxEnabled":true},"in2DMode":false,"pivot":{"x":0.03684148192405701,"y":0.02004295587539673,"z":0.0407407283782959},"rotation":{"x":0.07765499502420426,"y":0.9216554164886475,"z":-0.24943764507770539,"w":0.2869203984737396},"size":0.42969805002212527,"orthographic":false}