{"cameraMode":{"drawMode":0,"name":"Shaded","section":"Shading Mode"},"sceneLighting":true,"audioPlay":false,"sceneViewState":{"m_AlwaysRefresh":false,"showFog":true,"showSkybox":true,"showFlares":true,"showImageEffects":true,"showParticleSystems":true,"showVisualEffectGraphs":true,"m_FxEnabled":true},"in2DMode":false,"pivot":{"x":-0.8476073741912842,"y":0.12586092948913575,"z":2.3005645275115969},"rotation":{"x":-0.12538860738277436,"y":0.8498758673667908,"z":-0.23412129282951356,"w":-0.4551699757575989},"size":1.9407908916473389,"orthographic":false}